"Match","Date","League","Opponent","Result"
"3175170931","13 May 2017","4442","LGD-GAMING","Loss"
"3175065918","13 May 2017","4442","LGD-GAMING","Loss"
"3173613618","12 May 2017","4442","Newbee","Win"
"3173425070","12 May 2017","4442","Newbee","Win"
"3168912978","10 May 2017","4442","iG.Vitality","Win"
"3168811846","10 May 2017","4442","iG.Vitality","Loss"
"3168722698","10 May 2017","4442","iG.Vitality","Win"
"3166810612","09 May 2017","4442","EHOME","Loss"
"3148357328","30 Apr 2017","5157","Virtus.pro","Loss"
"3148230043","30 Apr 2017","5157","Virtus.pro","Loss"
"3146324886","29 Apr 2017","5157","Team Liquid","Win"
"3146197371","29 Apr 2017","5157","Team Liquid","Loss"
"3146085916","29 Apr 2017","5157","Team Liquid","Win"
"3142583303","27 Apr 2017","5157","mousesports","Win"
"3142488820","27 Apr 2017","5157","mousesports","Loss"
"3142390443","27 Apr 2017","5157","mousesports","Win"
"3139776903","25 Apr 2017","5157","Evil Geniuses","Win"
"3139633624","25 Apr 2017","5157","Evil Geniuses","Win"
"3139507911","25 Apr 2017","5157","Evil Geniuses","Loss"
"3139089878","25 Apr 2017","5157","Team Secret","Loss"
"3139007373","25 Apr 2017","5157","Team Secret","Loss"
"3137782735","24 Apr 2017","5157","OG Dota2","Win"
"3137643518","24 Apr 2017","5157","OG Dota2","Win"
"3137130045","24 Apr 2017","5157","mousesports","Win"
"3137048108","24 Apr 2017","5157","mousesports","Win"
"3122034132","16 Apr 2017","4546","Vici Gaming","Win"
"3121875138","16 Apr 2017","4546","Vici Gaming","Win"
"3121770658","16 Apr 2017","4546","Vici Gaming","Win"
"3121611119","16 Apr 2017","4546","Vici Gaming","Loss"
"3121511821","16 Apr 2017","4546","Vici Gaming","Loss"
"3121296726","16 Apr 2017","4546","iG.Vitality","Win"
"3121182980","16 Apr 2017","4546","iG.Vitality","Win"
"3119824132","15 Apr 2017","4920","Newbee","Loss"
"3119672623","15 Apr 2017","4920","Newbee","Loss"
"3119559531","15 Apr 2017","4920","Newbee","Win"
"3119351316","15 Apr 2017","4546","CDEC Gaming","Win"
"3119236752","15 Apr 2017","4546","CDEC Gaming","Win"
"3117724659","14 Apr 2017","4546","LGD.Forever Young","Win"
"3117560428","14 Apr 2017","4546","LGD.Forever Young","Loss"
"3117466119","14 Apr 2017","4546","LGD.Forever Young","Win"
"3115842248","13 Apr 2017","4546","Vici Gaming","Loss"
"3115720297","13 Apr 2017","4546","Vici Gaming","Loss"
"3115552275","13 Apr 2017","4920","LGD-GAMING","Loss"
"3115460951","13 Apr 2017","4920","LGD-GAMING","Win"
"3111838965","11 Apr 2017","4546","EHOME.KEEN","Win"
"3111761470","11 Apr 2017","4546","EHOME.KEEN","Win"
"3107779938","09 Apr 2017","4920","the wings gaming","Win"
"3107622917","09 Apr 2017","4920","the wings gaming","Win"
"3107460306","09 Apr 2017","4920","Team VGJ","Win"
"3107396330","09 Apr 2017","4920","Team VGJ","Win"
"3105319047","08 Apr 2017","4920","team_ftd_c","Win"
"3105230549","08 Apr 2017","4920","team_ftd_c","Win"
"3103523157","07 Apr 2017","4920","Newbee","Loss"
"3103421920","07 Apr 2017","4920","Newbee","Win"
"3103296626","07 Apr 2017","4920","LGD.Forever Young","Win"
"3103202346","07 Apr 2017","4920","LGD.Forever Young","Win"
"3097263923","04 Apr 2017","5197","OG Dota2","Win"
"3097156080","04 Apr 2017","5197","OG Dota2","Win"
"3097027819","04 Apr 2017","5197","OG Dota2","Win"
"3096835333","04 Apr 2017","5197","Newbee","Win"
"3096748100","04 Apr 2017","5197","Newbee","Win"
"3095239462","03 Apr 2017","5197","OG Dota2","Loss"
"3095178259","03 Apr 2017","5197","OG Dota2","Win"
"3095014807","03 Apr 2017","5197","OG Dota2","Loss"
"3090716347","01 Apr 2017","5197","Team Empire","Win"
"3090592960","01 Apr 2017","5197","Team Empire","Loss"
"3090506739","01 Apr 2017","5197","Team Empire","Win"
"3084258454","29 Mar 2017","5197","Evil Geniuses","Win"
"3084204099","29 Mar 2017","5197","Evil Geniuses","Win"
"3083279182","28 Mar 2017","5197","Newbee","Win"
"3083141001","28 Mar 2017","5197","Newbee","Win"
"3082511745","28 Mar 2017","5197","iG.Vitality","Win"
"3082413645","28 Mar 2017","5197","iG.Vitality","Loss"
"3081676251","27 Mar 2017","5197","Team NP","Win"
"3081501692","27 Mar 2017","5197","Team NP","Loss"
"3080582346","27 Mar 2017","5197","Team Liquid","Win"
"3080499473","27 Mar 2017","5197","Team Liquid","Win"
"3076784452","25 Mar 2017","4920","iG.Vitality","Win"
"3076643917","25 Mar 2017","4920","iG.Vitality","Win"
"3072575087","23 Mar 2017","4920","CDEC Gaming","Win"
"3072477449","23 Mar 2017","4920","CDEC Gaming","Win"
"3072358982","23 Mar 2017","4920","Vici Gaming","Loss"
"3072270553","23 Mar 2017","4920","Vici Gaming","Win"
"3070982469","22 Mar 2017","5313","LGD-GAMING","Win"
"3070846051","22 Mar 2017","5313","LGD-GAMING","Loss"
"3070718173","22 Mar 2017","5313","LGD-GAMING","Win"
"3070573441","22 Mar 2017","5313","LGD-GAMING","Win"
"3068695712","21 Mar 2017","5313","Team VGJ","Win"
"3068600874","21 Mar 2017","5313","Team VGJ","Win"
"3065229932","19 Mar 2017","5313","LGD.Forever Young","Win"
"3065053271","19 Mar 2017","5313","LGD.Forever Young","Win"
"3064305159","19 Mar 2017","4920","EHOME.KEEN","Win"
"3064201319","19 Mar 2017","4920","EHOME.KEEN","Win"
"3062778358","18 Mar 2017","5313","Vici Gaming","Win"
"3062585246","18 Mar 2017","5313","Vici Gaming","Win"
"3056458422","15 Mar 2017","4920","Vici Gaming Potential","Win"
"3056374006","15 Mar 2017","4920","Vici Gaming Potential","Win"
"3054488401","14 Mar 2017","5157","Vici Gaming","Win"
"3054390158","14 Mar 2017","5157","Vici Gaming","Win"
"3054282641","14 Mar 2017","5157","Vici Gaming","Loss"
"3052759824","13 Mar 2017","5157","iG.Vitality","Loss"
"3052656122","13 Mar 2017","5157","iG.Vitality","Loss"
"3052573239","13 Mar 2017","5157","iG.Vitality","Win"
"3052338284","13 Mar 2017","5157","Vici Gaming","Win"
"3052273647","13 Mar 2017","5157","Vici Gaming","Loss"
"3052224558","13 Mar 2017","5157","Vici Gaming","Win"
"3051075730","12 Mar 2017","5157","CDEC Gaming","Win"
"3050580079","12 Mar 2017","5157","LGD.Forever Young","Loss"
"3050285208","12 Mar 2017","5157","TEAM MAX","Win"
"3050090468","12 Mar 2017","5157","Young Elite","Win"
"3049909705","12 Mar 2017","5157","CAVALRY","Win"
"3048346411","11 Mar 2017","5157","iG.Vitality","Win"
"3048200698","11 Mar 2017","5157","LGD-GAMING","Win"
"3047746830","11 Mar 2017","5157","Vici Gaming","Loss"
"3047642996","11 Mar 2017","5157","Vici Gaming Potential","Win"
"2931948355","22 Jan 2017","4979","Faceless","Loss"
"2931766674","22 Jan 2017","4979","Team Secret","Win"
"2928113988","20 Jan 2017","4979","Elements Pro Gaming","Win"
"2927955175","20 Jan 2017","4979","OG Dota2","Loss"
"2927799177","20 Jan 2017","4979","OG Dota2","Loss"
"2927599290","20 Jan 2017","4979","OG Dota2","Win"
"2914586394","14 Jan 2017","5197","team_ftd_a","Win"
"2914446271","14 Jan 2017","5197","team_ftd_a","Win"
"2914169535","14 Jan 2017","5197","LGD.Forever Young","Win"
"2914098996","14 Jan 2017","5197","LGD.Forever Young","Win"
"2912526011","13 Jan 2017","5197","EHOME","Win"
"2912445452","13 Jan 2017","5197","EHOME","Win"
"2912240952","13 Jan 2017","5197","TongFu|","Win"
"2912153276","13 Jan 2017","5197","Unknown Dire Team","Win"
"2911941849","13 Jan 2017","5197","CDEC Gaming","Win"
"2895808016","05 Jan 2017","5077","iG.Vitality","Loss"
"2895626038","05 Jan 2017","5077","iG.Vitality","Win"
"2895480406","05 Jan 2017","5077","iG.Vitality","Loss"
"2893416032","04 Jan 2017","5077","LGD-GAMING","Win"
"2893297350","04 Jan 2017","5077","LGD-GAMING","Win"
"2890923009","03 Jan 2017","5077","EHOME.KEEN","Win"
"2890835722","03 Jan 2017","5077","EHOME.KEEN","Win"
"2882133049","30 Dec 2016","4920","LGD-GAMING","Loss"
"2881964961","30 Dec 2016","4920","LGD-GAMING","Loss"
"2881841250","30 Dec 2016","4920","LGD-GAMING","Win"
"2875277415","27 Dec 2016","5077","","Win"
"2875201550","27 Dec 2016","5077","","Win"
"2874710324","27 Dec 2016","5077","MAX.Y","Win"
"2874629195","27 Dec 2016","5077","MAX.Y","Win"
"2872704848","26 Dec 2016","5077","Team VDuoBao","Win"
"2872642341","26 Dec 2016","5077","Team VDuoBao","Win"
"2848129547","15 Dec 2016","4920","LGD.Forever Young","Win"
"2847945133","15 Dec 2016","4920","LGD.Forever Young","Loss"
"2804660759","26 Nov 2016","4920","Newbee","Loss"
"2804535848","26 Nov 2016","4920","Newbee","Win"
"2804050084","26 Nov 2016","4920","team_ftd_c","Win"
"2803949910","26 Nov 2016","4920","team_ftd_c","Loss"
"2797957953","23 Nov 2016","5018","CDEC Gaming","Loss"
"2797832936","23 Nov 2016","5018","CDEC Gaming","Loss"
"2795538274","22 Nov 2016","5018","LGD-GAMING","Loss"
"2795431634","22 Nov 2016","5018","LGD-GAMING","Loss"
"2791665160","20 Nov 2016","4920","Vici Gaming","Loss"
"2791460002","20 Nov 2016","4920","Vici Gaming","Win"
"2791323572","20 Nov 2016","4920","LGD-GAMING","Loss"
"2791129333","20 Nov 2016","4920","LGD-GAMING","Win"
"2790960321","20 Nov 2016","5006","LGD-GAMING","Win"
"2790779078","20 Nov 2016","5006","LGD-GAMING","Loss"
"2790650572","20 Nov 2016","5006","LGD-GAMING","Win"
"2788831781","19 Nov 2016","5006","Newbee","Loss"
"2788665828","19 Nov 2016","5006","Newbee","Loss"
"2786032988","18 Nov 2016","4920","LGD-GAMING","Win"
"2785935504","18 Nov 2016","4920","LGD-GAMING","Win"
"2785756606","18 Nov 2016","5006","CDEC Gaming","Win"
"2785670626","18 Nov 2016","5006","CDEC Gaming","Win"
"2775888314","13 Nov 2016","4920","team_ftd_c","Win"
"2775744361","13 Nov 2016","4920","team_ftd_c","Win"
"2775552970","13 Nov 2016","4920","Newbee","Win"
"2775440178","13 Nov 2016","4920","Newbee","Loss"
"2773498800","12 Nov 2016","4920","CDEC Gaming","Loss"
"2773345653","12 Nov 2016","4920","CDEC Gaming","Win"
"2772878378","12 Nov 2016","4920","Vici Gaming","Win"
"2772784240","12 Nov 2016","4920","Vici Gaming","Loss"
"2770695776","11 Nov 2016","4920","iG.Vitality","Loss"
"2770560829","11 Nov 2016","4920","iG.Vitality","Win"
"2770396458","11 Nov 2016","5006","C5Gaming","Win"
"2770325881","11 Nov 2016","5006","C5Gaming","Win"
"2766202158","09 Nov 2016","5006","We.are.young","Win"
"2766131956","09 Nov 2016","5006","We.are.young","Win"
"2764258316","08 Nov 2016","5006","White Fries Gaming","Win"
"2764156247","08 Nov 2016","5006","White Fries Gaming","Win"
"2762825375","07 Nov 2016","5006","team_ftd_c","Win"
"2762692387","07 Nov 2016","5006","team_ftd_c","Win"
"2760444297","06 Nov 2016","5006","Newbee.Young","Win"
"2760357913","06 Nov 2016","5006","Unknown Radiant Team","Win"
"2757489710","05 Nov 2016","4920","EHOME","Win"
"2757397620","05 Nov 2016","4920","EHOME","Win"
"2753578166","03 Nov 2016","5006","CAVALRY","Win"
"2753360524","03 Nov 2016","5006","CAVALRY","Loss"
"2752678641","03 Nov 2016","4979","Newbee","Loss"
"2751350523","02 Nov 2016","5006","EHOME.LUMINOUS","Win"
"2751192318","02 Nov 2016","5006","EHOME.LUMINOUS","Win"
"2750741091","02 Nov 2016","4979","Vici Gaming","Win"
"2750670203","02 Nov 2016","4979","Vici Gaming","Win"
"2750526261","02 Nov 2016","4979","Newbee","Loss"
"2750426208","02 Nov 2016","4979","Newbee","Loss"
"2748399689","01 Nov 2016","4979","EHOME","Win"
"2748319814","01 Nov 2016","4979","EHOME","Win"
"2742552149","29 Oct 2016","4874","EHOME.KEEN","Loss"
"2742259068","29 Oct 2016","4874","LGD.Forever Young","Loss"
"2741903719","29 Oct 2016","4874","LGD-GAMING","Loss"
"2741749359","29 Oct 2016","4874","Vici Gaming","Loss"
"2741642795","29 Oct 2016","4874","EHOME.KEEN","Win"
"2741318410","29 Oct 2016","4874","iG.Vitality","Loss"
"2741216200","29 Oct 2016","4874","Team VG.J","Win"
"2739919221","28 Oct 2016","4874","CDEC Gaming","Win"
"2739382279","28 Oct 2016","4874","EHOME.X","Win"
"2739178354","28 Oct 2016","4874","team_ftd_a","Win"
"2732116113","24 Oct 2016","5006","LGD.Forever Young","Loss"
"2731959227","24 Oct 2016","5006","LGD.Forever Young","Loss"
"2731816086","24 Oct 2016","5006","iG.Vitality","Win"
"2731707921","24 Oct 2016","5006","iG.Vitality","Win"
"2729673896","23 Oct 2016","5006","Vici Gaming","Win"
"2729542546","23 Oct 2016","5006","Vici Gaming","Win"
"2729315310","23 Oct 2016","5006","EHOME","Loss"
"2729157240","23 Oct 2016","5006","EHOME","Win"
"2726933981","22 Oct 2016","4920","LGD.Forever Young","Loss"
"2726805463","22 Oct 2016","4920","LGD.Forever Young","Win"
"2724534978","21 Oct 2016","4920","the wings gaming","Win"
"2724379071","21 Oct 2016","4920","the wings gaming","Win"
"2724057651","21 Oct 2016","5006","Team Braveheart","Win"
"2723971993","21 Oct 2016","5006","Team Braveheart","Loss"
"2716283869","17 Oct 2016","4442","iG.Vitality","Loss"
"2716214852","17 Oct 2016","4442","iG.Vitality","Loss"
"2703499764","11 Oct 2016","4442","EHOME","Loss"
"2703377370","11 Oct 2016","4442","EHOME","Loss"
"2700781961","10 Oct 2016","4442","Vici Gaming","Win"
"2700673845","10 Oct 2016","4442","Vici Gaming","Win"
"2699187650","09 Oct 2016","4920","EHOME","Win"
"2699030547","09 Oct 2016","4920","EHOME","Win"
"2698895759","09 Oct 2016","4837","EHOME","Win"
"2698715386","09 Oct 2016","4837","EHOME","Win"
"2694022188","07 Oct 2016","4837","Team VG.J","Loss"
"2693908642","07 Oct 2016","4837","Team VG.J","Loss"
"2693769277","07 Oct 2016","4920","CDEC Gaming","Win"
"2693644106","07 Oct 2016","4920","CDEC Gaming","Win"
"2690327155","05 Oct 2016","4660","EHOME","Win"
"2690188265","05 Oct 2016","4660","EHOME","Win"
"2690026418","05 Oct 2016","4660","EHOME","Loss"
"2689840115","05 Oct 2016","4837","Unknown Dire Team","Win"
"2689730932","05 Oct 2016","4837","Unknown Radiant Team","Loss"
"2688112512","04 Oct 2016","4660","Unknown Radiant Team","Win"
"2687994168","04 Oct 2016","4660","Unknown Radiant Team","Win"
"2687811707","04 Oct 2016","4660","Unknown Dire Team","Loss"
"2670715913","26 Sep 2016","4875","TongFu|","Win"
"2670592575","26 Sep 2016","4875","TongFu|","Win"
"2668683512","25 Sep 2016","4920","iG.Vitality","Loss"
"2668549684","25 Sep 2016","4920","iG.Vitality","Win"
"2668240963","25 Sep 2016","4660","Team VG.J","Win"
"2668072792","25 Sep 2016","4660","Team Braveheart","Win"
"2665526451","24 Sep 2016","4660","Team VDuoBao","Win"
"2661344409","22 Sep 2016","4875","CDEC Gaming","Loss"
"2661209558","22 Sep 2016","4875","CDEC Gaming","Win"
"2659452604","21 Sep 2016","4875","Unknown Dire Team","Loss"
"2659288432","21 Sep 2016","4875","Unknown Radiant Team","Win"
"2658752820","21 Sep 2016","4918","Unknown Radiant Team","Loss"
"2658671456","21 Sep 2016","4918","Unknown Radiant Team","Win"
"2658598435","21 Sep 2016","4918","Unknown Dire Team","Loss"
"2656733100","20 Sep 2016","4875","Newbee","Loss"
"2656658532","20 Sep 2016","4875","Newbee","Loss"
"2502972140","14 Jul 2016","4693","Vici_Gaming Reborn","Loss"
"2502902045","14 Jul 2016","4693","Vici_Gaming Reborn","Loss"
"2502820698","14 Jul 2016","4693","LGD-GAMING","Loss"
"2502711579","14 Jul 2016","4693","LGD-GAMING","Loss"
"2499635875","12 Jul 2016","4693","trg","Win"
"2499461927","12 Jul 2016","4693","trg","Loss"
"2499290486","12 Jul 2016","4693","Newbee.Young","Win"
"2499171175","12 Jul 2016","4693","Newbee.Young","Win"
"2491829285","09 Jul 2016","2032","TongFu|","Win"
"2491693435","09 Jul 2016","2032","TongFu|","Loss"
"2491589352","09 Jul 2016","2032","TongFu|","Win"
"2485836552","06 Jul 2016","4693","the wings gaming","Win"
"2485730343","06 Jul 2016","4693","the wings gaming","Loss"
"2483331021","05 Jul 2016","4693","team_ftd_a","Win"
"2483221439","05 Jul 2016","4693","team_ftd_a","Win"
"2478862924","03 Jul 2016","4598","Newbee","Win"
"2478656233","03 Jul 2016","4598","Newbee","Win"
"2477191251","02 Jul 2016","4660","Newbee.Young","Loss"
"2477061868","02 Jul 2016","4660","Newbee.Young","Loss"
"2476609317","02 Jul 2016","4598","CDEC Gaming","Win"
"2467763435","28 Jun 2016","4664","Vici Gaming","Loss"
"2467636453","28 Jun 2016","4664","Vici Gaming","Loss"
"2466794237","28 Jun 2016","4664","Vici_Gaming Reborn","Loss"
"2466696661","28 Jun 2016","4664","Vici_Gaming Reborn","Loss"
"2465280543","27 Jun 2016","4664","Vici_Gaming Reborn","Loss"
"2464847711","27 Jun 2016","4664","Unknown Radiant Team","Win"
"2464765728","27 Jun 2016","4664","Vici Gaming","Loss"
"2464575463","27 Jun 2016","4664","CDEC Gaming","Win"
"2463333087","26 Jun 2016","4664","CDEC.Youth","Win"
"2463164128","26 Jun 2016","4664","EHOME","Loss"
"2462800117","26 Jun 2016","4664","Newbee.Young","Win"
"2462624643","26 Jun 2016","4664","iG.Vitality","Win"
"2462277891","26 Jun 2016","4664","the wings gaming","Win"
"2449423270","20 Jun 2016","4598","EHOME","Win"
"2449282596","20 Jun 2016","4598","EHOME","Win"
"2449161366","20 Jun 2016","4598","EHOME","Loss"
"2446649001","19 Jun 2016","4693","Unknown Radiant Team","Win"
"2446552186","19 Jun 2016","4693","Unknown Radiant Team","Win"
"2444883863","18 Jun 2016","4693","Unknown Radiant Team","Win"
"2444777259","18 Jun 2016","4693","Unknown Dire Team","Win"
"2442714305","17 Jun 2016","4693","CDEC.Youth","Win"
"2442576015","17 Jun 2016","4693","CDEC.Youth","Win"
"2440451503","16 Jun 2016","4693","Team Braveheart","Loss"
"2440329883","16 Jun 2016","4693","Team Braveheart","Win"
"2439955955","16 Jun 2016","4546","The Mongolz","Win"
"2439829291","16 Jun 2016","4546","The Mongolz","Loss"
"2439751520","16 Jun 2016","4546","The Mongolz","Win"
"2439643051","16 Jun 2016","4546","CDEC.Youth","Loss"
"2439522909","16 Jun 2016","4546","CDEC.Youth","Loss"
"2439460317","16 Jun 2016","4546","CDEC.Youth","Win"
"2438197772","15 Jun 2016","4693","iG.Vitality","Win"
"2438080347","15 Jun 2016","4693","iG.Vitality","Win"
"2435752301","14 Jun 2016","4546","Unknown Dire Team","Loss"
"2435626756","14 Jun 2016","4546","Unknown Radiant Team","Loss"
"2435517124","14 Jun 2016","4546","Unknown Dire Team","Win"
"2392766501","27 May 2016","4693","Vici Gaming","Win"
"2392635929","27 May 2016","4693","Vici Gaming","Win"
"2390130194","26 May 2016","4693","We.are.young","Win"
"2390026630","26 May 2016","4693","We.are.young","Loss"
"2387464181","25 May 2016","4693","Unknown Radiant Team","Loss"
"2387373661","25 May 2016","4693","Unknown Radiant Team","Win"
"2385800287","24 May 2016","4442","Newbee","Loss"
"2385687531","24 May 2016","4442","Newbee","Loss"
"2385550254","24 May 2016","4646","To.be.or.not.to.be","Win"
"2385456059","24 May 2016","4646","To.be.or.not.to.be","Win"
"2383681500","23 May 2016","4442","Vici_Gaming Reborn","Loss"
"2383460994","23 May 2016","4442","Vici_Gaming Reborn","Loss"
"2383344570","23 May 2016","4442","Vici_Gaming Reborn","Win"
"2371639656","18 May 2016","4646","Unknown Dire Team","Loss"
"2371485530","18 May 2016","4646","CDEC Gaming","Win"
"2368956655","17 May 2016","4646","FTD club a","Win"
"2368864232","17 May 2016","4646","FTD club a","Win"
"2365060082","15 May 2016","4554","Vici_Gaming Reborn","Loss"
"2364898513","15 May 2016","4554","Vici_Gaming Reborn","Loss"
"2362462047","14 May 2016","4554","CDEC Gaming","Win"
"2362288452","14 May 2016","4554","CDEC Gaming","Loss"
"2362153623","14 May 2016","4554","CDEC Gaming","Win"
"2355233139","11 May 2016","4442","LGD-GAMING","Win"
"2355147439","11 May 2016","4442","LGD-GAMING","Win"
"2353143542","10 May 2016","4442","Newbee.Young","Win"
"2353050943","10 May 2016","4442","Newbee.Young","Win"
"2351035593","09 May 2016","4442","iG.Vitality","Win"
"2350948815","09 May 2016","4442","iG.Vitality","Win"
"2339442450","04 May 2016","4479","CDEC.Youth","Loss"
"2339325664","04 May 2016","4479","CDEC.Youth","Loss"
"2339112979","04 May 2016","4479","Newbee","Loss"
"2339022583","04 May 2016","4479","Newbee","Loss"
"2337571619","03 May 2016","4479","Newbee.Young","Win"
"2337474794","03 May 2016","4479","Newbee.Young","Win"
"2337157908","03 May 2016","4479","Unknown Radiant Team","Loss"
"2337052777","03 May 2016","4479","Unknown Radiant Team","Win"
"2316471723","24 Apr 2016","4546","CDEC.Youth","Loss"
"2316339839","24 Apr 2016","4546","CDEC.Youth","Loss"
"2314207410","23 Apr 2016","4546","FTD Club b","Win"
"2314093137","23 Apr 2016","4546","FTD Club b","Win"
"2311461283","22 Apr 2016","4546","Newbee","Loss"
"2311316934","22 Apr 2016","4546","Newbee","Win"
"2307326274","20 Apr 2016","4546","Unknown Radiant Team","Win"
"2307170025","20 Apr 2016","4546","Unknown Dire Team","Loss"
"2307061735","20 Apr 2016","4546","Unknown Radiant Team","Win"
"2305621043","19 Apr 2016","4546","Newbee.Young","Win"
"2305462403","19 Apr 2016","4546","Newbee.Young","Win"
"2305285179","19 Apr 2016","4546","Unknown Radiant Team","Loss"
"2305108519","19 Apr 2016","4546","Unknown Dire Team","Win"
"2304988266","19 Apr 2016","4546","Unknown Radiant Team","Loss"
"2304847640","19 Apr 2016","4546","The Mongolz","Win"
"2304753092","19 Apr 2016","4546","The Mongolz","Win"
"2282710823","09 Apr 2016","4546","Newbee","Loss"
"2282547031","09 Apr 2016","4546","Newbee","Loss"
"2280168354","08 Apr 2016","4546","Newbee.Young","Loss"
"2280083894","08 Apr 2016","4546","Newbee.Young","Loss"
"2275976973","06 Apr 2016","4546","LGD-GAMING","Win"
"2275850886","06 Apr 2016","4546","LGD-GAMING","Win"
"2274349771","05 Apr 2016","4546","We.are.young","Win"
"2274238770","05 Apr 2016","4546","We.are.young","Win"
"2274113929","05 Apr 2016","4546","Unknown Dire Team","Win"
"2273952412","05 Apr 2016","4546","Unknown Radiant Team","Loss"
"2273829842","05 Apr 2016","4546","Unknown Dire Team","Win"
"2273639994","05 Apr 2016","4546","the wings gaming","Win"
"2273592062","05 Apr 2016","4546","the wings gaming","Win"
"2271900300","04 Apr 2016","4546","Vici_Gaming Reborn","Loss"
"2271815947","04 Apr 2016","4546","Vici_Gaming Reborn","Loss"
"2271707036","04 Apr 2016","4546","Vici_Gaming Reborn","Win"
"2267054840","02 Apr 2016","4546","CDEC.Youth","Win"
"2266901795","02 Apr 2016","4546","CDEC.Youth","Win"
"2266670346","02 Apr 2016","4546","Vici_Gaming Reborn","Loss"
"2266506773","02 Apr 2016","4546","Vici_Gaming Reborn","Loss"
"2266387398","02 Apr 2016","4405","Vici_Gaming Reborn","Loss"
"2266268427","02 Apr 2016","4405","Vici_Gaming Reborn","Loss"
"2264665675","01 Apr 2016","4461","iG.Vitality","Loss"
"2264458074","01 Apr 2016","4461","iG.Vitality","Loss"
"2261826737","31 Mar 2016","4546","CDEC.Avengers","Win"
"2261667351","31 Mar 2016","4546","CDEC.Avengers","Win"
"2261550195","31 Mar 2016","4546","CDEC.Avengers","Loss"
"2259807966","30 Mar 2016","4461","EHOME","Loss"
"2259753958","30 Mar 2016","4461","EHOME","Loss"
"2258295428","29 Mar 2016","4546","Team Braveheart","Loss"
"2258162352","29 Mar 2016","4546","Team Braveheart","Win"
"2257982628","29 Mar 2016","4546","Team Braveheart","Loss"
"2257830394","29 Mar 2016","4546","Energy Pacemaker gaming","Win"
"2257678273","29 Mar 2016","4546","Energy Pacemaker gaming","Win"
"2257598492","29 Mar 2016","4546","Energy Pacemaker gaming","Loss"
"2257410421","29 Mar 2016","4546","Vici Gaming","Win"
"2257309114","29 Mar 2016","4546","Vici Gaming","Loss"
"2257233280","29 Mar 2016","4546","Vici Gaming","Win"
"2250490520","26 Mar 2016","4405","Newbee","Loss"
"2250335492","26 Mar 2016","4405","Newbee","Win"
"2242855138","23 Mar 2016","4546","ThundeRobot Gaming","Win"
"2242770783","23 Mar 2016","4546","ThundeRobot Gaming","Win"
"2096395904","22 Jan 2016","4301","CDEC.Youth","Loss"
"2096247205","22 Jan 2016","4301","CDEC.Youth","Loss"
"2096068677","22 Jan 2016","4301","CDEC.Youth","Win"
"2094078036","21 Jan 2016","4301","Dream Weavers Gaming","Win"
"2093961360","21 Jan 2016","4301","Dream Weavers Gaming","Win"
"2091446921","20 Jan 2016","4301","Unknown Dire Team","Loss"
"2091364866","20 Jan 2016","4301","Unknown Radiant Team","Loss"
"2062913180","08 Jan 2016","4266","Unknown Radiant Team","Win"
"2062846626","08 Jan 2016","4266","Unknown Dire Team","Loss"
"2062559162","08 Jan 2016","4266","iG.Vitality","Loss"
"2062488084","08 Jan 2016","4266","iG.Vitality","Loss"
"2060926151","07 Jan 2016","4266","Team FanTuan","Win"
"2060735084","07 Jan 2016","4266","Team FanTuan","Win"
"2060377693","07 Jan 2016","4266","LGD-GAMING","Loss"
"2060301497","07 Jan 2016","4266","LGD-GAMING","Loss"
"2041088292","30 Dec 2015","3904","FTD Club b","Win"
"2040931536","30 Dec 2015","3904","FTD Club b","Win"
"2040714804","30 Dec 2015","3904","CDEC.Youth","Loss"
"2040545523","30 Dec 2015","3904","CDEC.Youth","Loss"
"2009898344","17 Dec 2015","4088","Unknown Radiant Team","Loss"
"2009745544","17 Dec 2015","4088","Unknown Radiant Team","Loss"
"2009554343","17 Dec 2015","4088","CDEC Gaming","Win"
"2009460415","17 Dec 2015","4088","CDEC Gaming","Loss"
"2009278922","17 Dec 2015","4088","Execration","Win"
"2009096124","17 Dec 2015","4088","Execration","Win"
"1990613515","09 Dec 2015","3877","Unknown Radiant Team","Loss"
"1990447881","09 Dec 2015","3877","Unknown Dire Team","Win"
"1988515110","08 Dec 2015","3877","FTD club a","Win"
"1988373598","08 Dec 2015","3877","FTD club a","Win"
"1987773614","08 Dec 2015","3877","Unknown Radiant Team","Win"
"1987676731","08 Dec 2015","3877","Unknown Dire Team","Win"
"1984130258","06 Dec 2015","3877","Newbee.Young","Win"
"1983981524","06 Dec 2015","3877","Newbee.Young","Win"
"1983228466","06 Dec 2015","3877","CDEC.Youth","Loss"
"1983152233","06 Dec 2015","3877","CDEC.Youth","Loss"
"1981456061","05 Dec 2015","3877","Team Braveheart","Win"
"1981283567","05 Dec 2015","3877","Team Braveheart","Loss"
"1980856303","05 Dec 2015","3877","Unknown Radiant Team","Win"
"1980733268","05 Dec 2015","3877","Unknown Dire Team","Win"
"1980597365","05 Dec 2015","3877","Unknown Dire Team","Win"
"1980444551","05 Dec 2015","3877","Unknown Radiant Team","Win"
"1961255210","26 Nov 2015","3902","FTD Club b","Loss"
"1961138750","26 Nov 2015","3902","FTD Club b","Loss"
"1959233883","25 Nov 2015","3902","the wings gaming","Loss"
"1959124140","25 Nov 2015","3902","the wings gaming","Loss"
"1913463151","04 Nov 2015","3781","LGD-GAMING","Loss"
"1913346269","04 Nov 2015","3781","LGD-GAMING","Win"
"1913240700","04 Nov 2015","3781","LGD-GAMING","Loss"
"1911497618","03 Nov 2015","3781","CDEC Gaming","Win"
"1911348429","03 Nov 2015","3781","CDEC Gaming","Win"
"1884061190","22 Oct 2015","3781","Unknown Dire Team","Win"
"1883980230","22 Oct 2015","3781","Unknown Radiant Team","Win"
"1879780861","20 Oct 2015","3781","Newbee","Loss"
"1879676362","20 Oct 2015","3781","Newbee","Win"
"1879571109","20 Oct 2015","3781","Newbee","Loss"
"1865343286","14 Oct 2015","3671","Newbee.Young","Win"
"1865268744","14 Oct 2015","3671","Newbee.Young","Win"
"1865099413","14 Oct 2015","3671","Newbee","Loss"
"1865038406","14 Oct 2015","3671","Newbee","Loss"
"1863365195","13 Oct 2015","3671","the wings gaming","Win"
"1863295567","13 Oct 2015","3671","the wings gaming","Win"
"1863232939","13 Oct 2015","3671","the wings gaming","Loss"
"1861230648","12 Oct 2015","3671","DK.Scuderia","Loss"
"1861140156","12 Oct 2015","3671","DK.Scuderia","Loss"
"1860886621","12 Oct 2015","3671","Team FanTuan","Win"
"1860796331","12 Oct 2015","3671","Team FanTuan","Win"
"1859151200","11 Oct 2015","3671","Newbee.Young","Win"
"1859013608","11 Oct 2015","3671","Newbee.Young","Win"
"1858484994","11 Oct 2015","3671","FTD club a","Loss"
"1858385955","11 Oct 2015","3671","FTD club a","Win"
"1843471598","04 Oct 2015","3798","Vega Squadron","Loss"
"1843364264","04 Oct 2015","3798","Vega Squadron","Loss"
"1843245785","04 Oct 2015","3798","Vega Squadron","Win"
"1840897210","04 Oct 2015","3798","Virtus.pro","Win"
"1840850508","04 Oct 2015","3798","Virtus.pro","Loss"
"1840777174","03 Oct 2015","3798","Virtus.pro","Win"
"1816272474","24 Sep 2015","3502","EHOME","Loss"
"1816157943","24 Sep 2015","3502","EHOME","Win"
"1816014829","24 Sep 2015","3502","EHOME","Loss"
"1815910733","24 Sep 2015","3502","EHOME","Win"
"1815833403","24 Sep 2015","3502","EHOME","Loss"
"1813838604","23 Sep 2015","3798","EHOME","Loss"
"1813729187","23 Sep 2015","3798","EHOME","Loss"
"1813635619","23 Sep 2015","3798","EHOME","Win"
"1811867531","22 Sep 2015","3798","LGD-GAMING","Win"
"1811700902","22 Sep 2015","3798","LGD-GAMING","Loss"
"1811567623","22 Sep 2015","3798","LGD-GAMING","Win"
"1809727053","21 Sep 2015","3502","EHOME","Win"
"1809559963","21 Sep 2015","3502","EHOME","Loss"
"1809426660","21 Sep 2015","3502","EHOME","Win"
"1807878462","20 Sep 2015","3798","Newbee","Win"
"1807738402","20 Sep 2015","3798","Newbee","Win"
"1807579893","20 Sep 2015","3798","Newbee","Loss"
"1806924913","20 Sep 2015","3502","Unknown Dire Team","Win"
"1806780531","20 Sep 2015","3502","Unknown Dire Team","Win"
"1806634912","20 Sep 2015","3502","Unknown Radiant Team","Loss"
"1803951578","19 Sep 2015","3502","FTD Club b","Win"
"1803845170","19 Sep 2015","3502","FTD Club b","Win"
"1689526977","06 Aug 2015","2733","Team Secret","Loss"
"1689486729","06 Aug 2015","2733","Team Secret","Loss"
"1689417916","06 Aug 2015","2733","Team Secret","Win"
"1685000902","04 Aug 2015","2733","MVP HOT6","Win"
"1673432700","30 Jul 2015","2733","Natus Vincere","Win"
"1673354401","30 Jul 2015","2733","Natus Vincere","Win"
"1671121575","30 Jul 2015","2733","MVP Phoenix","Loss"
"1670993670","29 Jul 2015","2733","MVP Phoenix","Loss"
"1670686522","29 Jul 2015","2733","Cloud9 G2A","Loss"
"1670594877","29 Jul 2015","2733","Cloud9 G2A","Loss"
"1668319630","28 Jul 2015","2733","compLexity Gaming","Loss"
"1668243304","28 Jul 2015","2733","compLexity Gaming","Win"
"1668109169","28 Jul 2015","2733","LGD-GAMING","Win"
"1667995496","28 Jul 2015","2733","LGD-GAMING","Loss"
"1666185341","28 Jul 2015","2733","Fnatic","Loss"
"1666122929","27 Jul 2015","2733","Fnatic","Win"
"1666048848","27 Jul 2015","2733","Team Secret","Loss"
"1665972746","27 Jul 2015","2733","Team Secret","Loss"
"1607834157","05 Jul 2015","2922","Hyper Glory Team","Win"
"1607733858","05 Jul 2015","2922","Hyper Glory Team","Win"
"1603025350","03 Jul 2015","2922","LGD-GAMING","Loss"
"1602874740","03 Jul 2015","2922","LGD-GAMING","Loss"
"1583966223","26 Jun 2015","2922","EHOME","Win"
"1583818742","26 Jun 2015","2922","EHOME","Loss"
"1583698405","26 Jun 2015","2922","EHOME","Win"
"1571057891","21 Jun 2015","2686","Team Secret","Loss"
"1570866143","21 Jun 2015","2686","Team Secret","Loss"
"1568738141","20 Jun 2015","2686","Cloud9 G2A","Win"
"1568522086","20 Jun 2015","2686","Cloud9 G2A","Loss"
"1568242809","20 Jun 2015","2686","Cloud9 G2A","Win"
"1562441373","18 Jun 2015","2686","Evil Geniuses","Win"
"1562156117","18 Jun 2015","2686","Fnatic","Win"
"1561644205","18 Jun 2015","2686","Team Secret","Loss"
"1561210914","18 Jun 2015","2686","Evil Geniuses","Win"
"1552189613","14 Jun 2015","2985","CDEC Gaming","Win"
"1552053630","14 Jun 2015","2985","CDEC Gaming","Win"
"1551734454","14 Jun 2015","2985","LGD-GAMING","Win"
"1551583842","14 Jun 2015","2985","LGD-GAMING","Win"
"1549649821","13 Jun 2015","2985","Dream - Gamin","Win"
"1549466706","13 Jun 2015","2985","Dream - Gamin","Win"
"1549239511","13 Jun 2015","2985","CDEC Gaming","Loss"
"1549029328","13 Jun 2015","2985","CDEC Gaming","Win"
"1548847374","13 Jun 2015","2985","CDEC Gaming","Loss"
"1528677149","05 Jun 2015","2986","Cloud9 G2A","Loss"
"1525863353","04 Jun 2015","2986","CDEC Gaming","Win"
"1525690156","04 Jun 2015","2986","Natus Vincere","Win"
"1525325858","04 Jun 2015","2986","LGD-GAMING","Loss"
"1525206610","04 Jun 2015","2986","Team Secret","Loss"
"1516237902","31 May 2015","2922","Unknown Dire Team","Win"
"1516135851","31 May 2015","2922","Unknown Dire Team","Win"
"1509871073","29 May 2015","2032","Unknown Radiant Team","Loss"
"1509698929","29 May 2015","2032","Unknown Dire Team","Loss"
"1492101768","22 May 2015","2815","Newbee","Loss"
"1491979653","22 May 2015","2815","Newbee","Loss"
"1490465661","21 May 2015","2815","Energy Pacemaker gaming","Win"
"1490372630","21 May 2015","2815","Energy Pacemaker gaming","Loss"
"1490272059","21 May 2015","2815","Energy Pacemaker gaming","Win"
"1489840822","21 May 2015","2815","Vici Gaming","Loss"
"1489738804","21 May 2015","2815","Vici Gaming","Win"
"1489636687","21 May 2015","2815","Vici Gaming","Loss"
"1488025621","20 May 2015","2815","Newbee.Young","Win"
"1487855668","20 May 2015","2815","Newbee.Young","Loss"
"1487742052","20 May 2015","2815","Newbee.Young","Win"
"1476367099","16 May 2015","2661","LGD-GAMING","Loss"
"1476322620","16 May 2015","2661","LGD-GAMING","Loss"
"1475964136","15 May 2015","2661","Unknown Dire Team","Win"
"1475883030","15 May 2015","2661","Unknown Dire Team","Win"
"1473104602","14 May 2015","2661","Team Secret","Loss"
"1473003115","14 May 2015","2661","Team Secret","Loss"
"1464227696","11 May 2015","2877","Team Secret","Loss"
"1464152992","11 May 2015","2877","Team Secret","Loss"
"1464109298","11 May 2015","2877","Team Secret","Win"
"1464022030","11 May 2015","2877","Team Secret","Win"
"1463959267","10 May 2015","2877","Team Secret","Loss"
"1452977836","06 May 2015","2877","Unknown Dire Team","Win"
"1450743843","06 May 2015","2877","Unknown Dire Team","Win"
"1438243078","01 May 2015","2815","Energy Pacemaker gaming","Loss"
"1438017581","01 May 2015","2815","Energy Pacemaker gaming","Loss"
"1437802363","01 May 2015","2815","O1d Boys","Loss"
"1437643262","01 May 2015","2815","O1d Boys","Loss"
"1434526588","30 Apr 2015","2815","Unknown Dire Team","Win"
"1434420082","30 Apr 2015","2815","Unknown Radiant Team","Win"
"1432475562","29 Apr 2015","2815","CDEC Gaming","Loss"
"1432309220","29 Apr 2015","2815","CDEC Gaming","Win"
"1432122608","29 Apr 2015","2815","Newbee.miracle","Loss"
"1431935004","29 Apr 2015","2815","Newbee.miracle","Win"
"1426147704","26 Apr 2015","2418","Vici Gaming","Loss"
"1425968281","26 Apr 2015","2418","Vici Gaming","Win"
"1425815594","26 Apr 2015","2418","Vici Gaming","Loss"
"1425568385","26 Apr 2015","2418","Cloud9 G2A","Win"
"1425467444","26 Apr 2015","2418","Cloud9 G2A","Win"
"1425181918","26 Apr 2015","2418","Cloud9 G2A","Loss"
"1424090189","25 Apr 2015","2418","Vici Gaming","Loss"
"1423997941","25 Apr 2015","2418","Vici Gaming","Win"
"1423858816","25 Apr 2015","2418","Vici Gaming","Loss"
"1423009257","25 Apr 2015","2418","TeamMalaysia","Win"
"1422859329","25 Apr 2015","2418","TeamMalaysia","Win"
"1421421139","24 Apr 2015","2418","Alliance","Win"
"1421280530","24 Apr 2015","2418","Alliance","Win"
"1416564199","22 Apr 2015","2686","Newbee","Win"
"1416377444","22 Apr 2015","2686","Newbee","Win"
"1416136211","22 Apr 2015","2922","Dream - Gamin","Win"
"1415979060","22 Apr 2015","2922","Dream - Gamin","Win"
"1414426633","21 Apr 2015","2686","LGD-GAMING","Win"
"1414294686","21 Apr 2015","2686","LGD-GAMING","Win"
"1413962695","21 Apr 2015","2815","Team Braveheart","Win"
"1413876943","21 Apr 2015","2815","Team Braveheart","Win"
"1411821251","20 Apr 2015","2815","EHOME","Win"
"1411681708","20 Apr 2015","2815","EHOME","Win"
"1409745725","19 Apr 2015","2985","Newbee.miracle","Win"
"1409597399","19 Apr 2015","2985","Newbee.miracle","Win"
"1409471070","19 Apr 2015","2985","Newbee.miracle","Loss"
"1406776185","18 Apr 2015","2985","DK","Win"
"1406658821","18 Apr 2015","2985","DK","Win"
"1406266600","18 Apr 2015","2985","Unknown Radiant Team","Win"
"1406151537","18 Apr 2015","2985","Unknown Dire Team","Win"
"1404712575","17 Apr 2015","2686","Unknown Dire Team","Win"
"1404592938","17 Apr 2015","2686","Unknown Radiant Team","Win"
"1401727821","16 Apr 2015","2912","Unknown Dire Team","Loss"
"1399981070","15 Apr 2015","2912","Vici Gaming","Loss"
"1399865128","15 Apr 2015","2912","Vici Gaming","Loss"
"1395837622","13 Apr 2015","2877","LGD-GAMING","Win"
"1395704092","13 Apr 2015","2877","LGD-GAMING","Loss"
"1395542871","13 Apr 2015","2877","LGD-GAMING","Win"
"1395382225","13 Apr 2015","2877","Newbee","Win"
"1395292862","13 Apr 2015","2877","EHOME","Win"
"1395110513","13 Apr 2015","2877","LGD-GAMING","Loss"
"1394857921","13 Apr 2015","2912","Hyper Glory Team","Win"
"1394808522","13 Apr 2015","2912","Hyper Glory Team","Win"
"1385604602","09 Apr 2015","2661","Hyper Glory Team","Loss"
"1385463633","09 Apr 2015","2661","Hyper Glory Team","Win"
"1385353448","09 Apr 2015","2661","Hyper Glory Team","Loss"
"1383191461","08 Apr 2015","2661","Newbee","Win"
"1383098649","08 Apr 2015","2661","Newbee","Win"
"1381555370","07 Apr 2015","2661","EHOME","Loss"
"1381375076","07 Apr 2015","2661","EHOME","Loss"
"1376708411","05 Apr 2015","2661","Unknown Radiant Team","Win"
"1376586260","05 Apr 2015","2661","Unknown Dire Team","Win"
"1363828791","31 Mar 2015","2358","Vici Gaming","Loss"
"1363587373","31 Mar 2015","2358","Vici Gaming","Loss"
"1363335422","31 Mar 2015","2358","LGD-GAMING","Win"
"1363189359","31 Mar 2015","2358","LGD-GAMING","Win"
"1363065789","31 Mar 2015","2358","LGD-GAMING","Loss"
"1361295923","30 Mar 2015","2358","EHOME","Win"
"1361161826","30 Mar 2015","2358","EHOME","Win"
"1361003236","30 Mar 2015","2358","EHOME","Loss"
"1358881839","29 Mar 2015","2358","LGD-GAMING","Loss"
"1358719363","29 Mar 2015","2358","LGD-GAMING","Win"
"1358517108","29 Mar 2015","2358","LGD-GAMING","Loss"
"1355499065","28 Mar 2015","2358","Newbee","Win"
"1355390742","28 Mar 2015","2358","Newbee","Loss"
"1352699282","27 Mar 2015","2358","LGD-GAMING","Loss"
"1352567764","27 Mar 2015","2358","LGD-GAMING","Win"
"1352371082","27 Mar 2015","2358","CDEC Gaming","Win"
"1352289660","27 Mar 2015","2358","CDEC Gaming","Win"
"1350652851","26 Mar 2015","2358","Vici Gaming","Win"
"1350446097","26 Mar 2015","2358","Vici Gaming","Loss"
"1349946022","26 Mar 2015","2358","Hyper Glory Team","Win"
"1349789700","26 Mar 2015","2358","Hyper Glory Team","Win"
"1348167504","25 Mar 2015","2418","LGD-GAMING","Win"
"1348005958","25 Mar 2015","2418","LGD-GAMING","Loss"
"1347827480","25 Mar 2015","2418","LGD-GAMING","Win"
"1347413653","25 Mar 2015","2358","EHOME","Loss"
"1347314672","25 Mar 2015","2358","EHOME","Win"
"1345530304","24 Mar 2015","2418","Newbee","Win"
"1345318091","24 Mar 2015","2418","Newbee","Win"
"1344814794","24 Mar 2015","2358","Unknown Dire Team","Win"
"1344719306","24 Mar 2015","2358","Unknown Radiant Team","Win"
"1340466951","22 Mar 2015","2511","Team Empire","Win"
"1340285404","22 Mar 2015","2511","Team Empire","Win"
"1339137801","22 Mar 2015","2511","Team Empire","Win"
"1339002579","22 Mar 2015","2511","Team Empire","Loss"
"1338853684","22 Mar 2015","2511","Team Empire","Win"
"1336753796","21 Mar 2015","2511","-Ninjas-in-Pyjamas-","Win"
"1336614438","21 Mar 2015","2511","-Ninjas-in-Pyjamas-","Win"
"1336079820","21 Mar 2015","2511","Can't Say Wips","Win"
"1335986358","21 Mar 2015","2511","Can't Say Wips","Win"
"1324456424","16 Mar 2015","2418","EHOME","Win"
"1324300554","16 Mar 2015","2418","EHOME","Win"
"1322499491","15 Mar 2015","2418","LGD-GAMING","Win"
"1322294522","15 Mar 2015","2418","LGD-GAMING","Win"
"1321966126","15 Mar 2015","2418","Unknown Radiant Team","Win"
"1321836218","15 Mar 2015","2418","Unknown Dire Team","Win"
"1218010587","07 Feb 2015","2339","R a v e","Loss"
"1217939591","07 Feb 2015","2339","R a v e","Win"
"1217817892","07 Feb 2015","2339","R a v e","Loss"
"1216482734","06 Feb 2015","2339","LGD-GAMING","Win"
"1213147343","05 Feb 2015","2339","Team Secret","Loss"
"1213070754","05 Feb 2015","2339","Team Secret","Loss"
"1206786552","02 Feb 2015","2339","Hyper Glory Team","Loss"
"1206279290","02 Feb 2015","2339","Cloud9 G2A","Loss"
"1204626642","01 Feb 2015","2339","Natus Vincere","Win"
"1203932899","01 Feb 2015","2339","Unknown Radiant Team","Win"
"1203434901","01 Feb 2015","2339","Team Secret","Loss"
"1202120162","31 Jan 2015","2339","BigGooooood","Win"
"1201443966","31 Jan 2015","2339","CDEC Gaming","Win"
"1200763151","31 Jan 2015","2339","EHOME","Loss"
"1199625386","30 Jan 2015","2339","MVP Phoenix","Win"
"1198946766","30 Jan 2015","2339","Newbee","Win"
"1198352270","30 Jan 2015","2339","Evil Geniuses","Loss"
"1198116859","30 Jan 2015","2339","Vici Gaming","Loss"
"1196642623","29 Jan 2015","2339","R a v e","Loss"
"1196258401","29 Jan 2015","2339","Unknown Dire Team","Win"
"1195868984","29 Jan 2015","2339","LGD-GAMING","Win"
"1139736919","04 Jan 2015","2178","Vici Gaming","Loss"
"1139598286","04 Jan 2015","2178","Vici Gaming","Loss"
"1135055896","02 Jan 2015","2178","LGD-GAMING","Loss"
"1134890174","02 Jan 2015","2178","LGD-GAMING","Loss"
"1132097005","01 Jan 2015","2178","MVP Phoenix","Win"
"1132016437","01 Jan 2015","2178","MVP Phoenix","Win"
"1127937448","30 Dec 2014","1116","Newbee","Loss"
"1127717613","30 Dec 2014","1116","Newbee","Loss"
"1127558713","30 Dec 2014","1116","Newbee","Win"
"1127327194","30 Dec 2014","1116","Newbee","Win"
"1126910544","30 Dec 2014","1116","LGD-GAMING","Win"
"1126799680","30 Dec 2014","1116","LGD-GAMING","Win"
"1125688039","29 Dec 2014","1116","Vici Gaming","Win"
"1125534071","29 Dec 2014","1116","Vici Gaming","Win"
"1125412229","29 Dec 2014","1116","Vici Gaming","Loss"
"1124371246","29 Dec 2014","1116","LGD-GAMING","Loss"
"1124275214","29 Dec 2014","1116","LGD-GAMING","Loss"
"1117272038","26 Dec 2014","2178","Hyper Glory Team","Win"
"1117159946","26 Dec 2014","2178","Hyper Glory Team","Win"
"1113165968","24 Dec 2014","2178","Unknown Dire Team","Win"
"1113006070","24 Dec 2014","2178","Unknown Radiant Team","Loss"
"1112880553","24 Dec 2014","2178","LGD-GAMING","Loss"
"1112756917","24 Dec 2014","2178","LGD-GAMING","Loss"
"1108751416","22 Dec 2014","2178","Unknown Dire Team","Win"
"1108648974","22 Dec 2014","2178","Unknown Radiant Team","Win"
"1101602392","19 Dec 2014","2178","LaiGaming","Win"
"1101472693","19 Dec 2014","2178","LaiGaming","Win"
"1088396113","13 Dec 2014","2158","CDEC Gaming","Win"
"1088145568","13 Dec 2014","2158","CDEC Gaming","Win"
"1085876984","12 Dec 2014","2158","LGD-GAMING","Win"
"1085758377","12 Dec 2014","2158","LGD-GAMING","Win"
"1084102687","11 Dec 2014","2158","Hyper Glory Team","Win"
"1083759857","11 Dec 2014","2158","Speed Gaming.Nan Tong","Win"
"1082229628","10 Dec 2014","2158","LGD-GAMING","Win"
"1081727602","10 Dec 2014","2158","Vici Gaming","Loss"
"1080212127","09 Dec 2014","2158","Unknown Dire Team","Win"
"1079866783","09 Dec 2014","2158","LaiGaming","Loss"
"1078098098","08 Dec 2014","2158","CDEC Gaming","Loss"
"1024332663","14 Nov 2014","1116","Vici Gaming","Loss"
"1024175213","14 Nov 2014","1116","Hyper Glory Team","Win"
"1022373770","13 Nov 2014","1116","Speed Gaming.Nan Tong","Win"
"1022318316","13 Nov 2014","1116","LV-Gaming","Win"
"1022086748","13 Nov 2014","2096","LGD-GAMING","Loss"
"1022029498","13 Nov 2014","2096","LGD-GAMING","Loss"
"1021952518","13 Nov 2014","2096","LGD-GAMING","Win"
"1020932847","12 Nov 2014","2096","Unknown Radiant Team","Win"
"1020779842","12 Nov 2014","2096","Unknown Radiant Team","Win"
"1018399416","11 Nov 2014","2096","LV-Gaming","Loss"
"1018350120","11 Nov 2014","2096","LV-Gaming","Loss"
"1018035666","11 Nov 2014","2096","DK","Win"
"1018006519","11 Nov 2014","2096","DK","Win"
"1016341270","10 Nov 2014","2096","Unknown Radiant Team","Loss"
"1016279741","10 Nov 2014","2096","Unknown Dire Team","Loss"
"1009196718","07 Nov 2014","2096","CDEC Gaming","Loss"
"1009112167","07 Nov 2014","2096","CDEC Gaming","Loss"
"988834198","28 Oct 2014","2032","LGD-GAMING","Loss"
"988673629","28 Oct 2014","2032","LGD-GAMING","Loss"
"988509614","28 Oct 2014","2032","LGD-GAMING","Win"
"984768638","26 Oct 2014","2032","LaiGaming","Win"
"984648500","26 Oct 2014","2032","LaiGaming","Win"
"978684240","23 Oct 2014","1934","Newbee","Loss"
"978544523","23 Oct 2014","1934","Newbee","Loss"
"973894206","21 Oct 2014","1934","Vici Gaming","Loss"
"973836330","21 Oct 2014","1934","Vici Gaming","Loss"
"971965435","20 Oct 2014","2096","LGD-GAMING","Loss"
"971893076","20 Oct 2014","2096","LGD-GAMING","Loss"
"970817469","19 Oct 2014","1936","Vici Gaming","Win"
"970324419","19 Oct 2014","1936","LGD-GAMING","Loss"
"963591166","16 Oct 2014","1934","Newbee","Win"
"963508156","16 Oct 2014","1934","Newbee","Loss"
"962999876","16 Oct 2014","2096","Hyper Glory Team","Win"
"962967076","16 Oct 2014","2096","Hyper Glory Team","Win"
"961456381","15 Oct 2014","1934","LGD-GAMING","Win"
"961396538","15 Oct 2014","1934","LGD-GAMING","Win"
"960219146","14 Oct 2014","1936","DK","Win"
"960060733","14 Oct 2014","1936","Hyper Glory Team","Loss"
"959812126","14 Oct 2014","1934","DK","Win"
"959734943","14 Oct 2014","1934","DK","Win"
"959608565","14 Oct 2014","2096","LaiGaming","Win"
"959557604","14 Oct 2014","2096","LaiGaming","Win"
"959461653","14 Oct 2014","2096","LaiGaming","Loss"
"958172065","13 Oct 2014","1936","Newbee","Loss"
"957813708","13 Oct 2014","1934","Hyper Glory Team","Loss"
"957742236","13 Oct 2014","1934","Hyper Glory Team","Win"
"953827568","11 Oct 2014","1936","CDEC Gaming","Loss"
"953702200","11 Oct 2014","1936","LaiGaming","Win"
"936934044","03 Oct 2014","2045","TeamMalaysia","Loss"
"936757321","03 Oct 2014","2045","TeamMalaysia","Loss"
"934979409","02 Oct 2014","2045","Vici Gaming","Loss"
"934845029","02 Oct 2014","2045","Vici Gaming","Loss"
"924851181","27 Sep 2014","1709","Vici Gaming","Loss"
"924650132","27 Sep 2014","1709","Vici Gaming","Win"
"924449423","27 Sep 2014","1709","Vici Gaming","Loss"
"921179288","26 Sep 2014","1709","Newbee","Win"
"921073836","26 Sep 2014","1709","Newbee","Win"
"911470901","21 Sep 2014","1350","Vici Gaming","Loss"
"910873176","21 Sep 2014","1869","Vici Gaming","Win"
"910750245","21 Sep 2014","1869","Vici Gaming","Loss"
"910669984","21 Sep 2014","1869","Vici Gaming","Loss"
"910560072","21 Sep 2014","1869","Vici Gaming","Win"
"910473010","21 Sep 2014","1869","Vici Gaming","Win"
"908928351","20 Sep 2014","1350","Unknown Dire Team","Win"
"908746775","20 Sep 2014","1869","LaiGaming","Win"
"908665665","20 Sep 2014","1869","LaiGaming","Loss"
"908532144","20 Sep 2014","1869","LaiGaming","Win"
"908218677","20 Sep 2014","1803","Vici Gaming","Loss"
"906080577","19 Sep 2014","1803","LGD-GAMING","Win"
"905706666","19 Sep 2014","1869","Vici Gaming","Loss"
"905631759","19 Sep 2014","1869","Vici Gaming","Loss"
"904510393","18 Sep 2014","1350","Newbee","Win"
"904328863","18 Sep 2014","1350","CDEC Gaming","Loss"
"904231614","18 Sep 2014","1350","CDEC Gaming","Loss"
"904138763","18 Sep 2014","1350","CDEC Gaming","Win"
"904032958","18 Sep 2014","1803","Hyper Glory Team","Loss"
"902385922","17 Sep 2014","1869","LGD-GAMING","Win"
"902319589","17 Sep 2014","1869","LGD-GAMING","Win"
"902215347","17 Sep 2014","1869","LGD-GAMING","Loss"
"901967482","17 Sep 2014","1803","LaiGaming","Loss"
"898375333","15 Sep 2014","1869","Dream - Gamin","Win"
"898285275","15 Sep 2014","1869","Dream - Gamin","Win"
"898081782","15 Sep 2014","1886","LGD-GAMING","Loss"
"897798521","15 Sep 2014","1886","Unknown Dire Team","Win"
"887088968","10 Sep 2014","1803","Unknown Dire Team","Win"
"886685269","10 Sep 2014","1886","LGD-GAMING","Loss"
"885017461","09 Sep 2014","1803","CDEC Gaming","Win"
"867363752","31 Aug 2014","1663","Hyper Glory Team","Loss"
"867245835","31 Aug 2014","1709","Unknown Radiant Team","Win"
"867115937","31 Aug 2014","1663","Vici Gaming","Win"
"865274391","30 Aug 2014","1663","LGD-GAMING","Loss"
"865123874","30 Aug 2014","1709","Green Shoots Gaming","Win"
"862899168","29 Aug 2014","1663","Unknown Dire Team","Win"
"861274771","28 Aug 2014","1709","Dream - Gamin","Win"
"857504040","26 Aug 2014","1709","Super Danger","Win"
"853745877","24 Aug 2014","1709","Fancy trick show","Win"
"785712957","20 Jul 2014","600","LGD-GAMING","Loss"
"785643441","19 Jul 2014","600","LGD-GAMING","Win"
"785558384","19 Jul 2014","600","LGD-GAMING","Loss"
"776475724","15 Jul 2014","600","Newbee","Loss"
"776436526","15 Jul 2014","600","Newbee","Win"
"776401962","14 Jul 2014","600","Newbee","Loss"
"772526898","12 Jul 2014","600","Vici Gaming","Loss"
"771242116","12 Jul 2014","600","Natus Vincere","Win"
"771088857","12 Jul 2014","600","Cloud9 G2A","Loss"
"770922308","11 Jul 2014","600","LGD-GAMING","Win"
"770724297","11 Jul 2014","600","Team Liquid","Loss"
"770550292","11 Jul 2014","600","Fnatic","Win"
"769428118","11 Jul 2014","600","Team Empire","Loss"
"769290012","11 Jul 2014","600","Titan","Win"
"769199481","10 Jul 2014","600","Natus Vincere US","Loss"
"768904017","10 Jul 2014","600","Evil Geniuses","Win"
"768806277","10 Jul 2014","600","mousesports","Win"
"767639734","10 Jul 2014","600","DK","Win"
"767553437","10 Jul 2014","600","Nvidia.ArrowGaming.AVF","Win"
"767376726","09 Jul 2014","600","Newbee","Loss"
"767198624","09 Jul 2014","600","Alliance","Win"
"749253724","29 Jun 2014","1248","Evil Geniuses","Win"
"749196805","29 Jun 2014","1248","Evil Geniuses","Win"
"749100575","29 Jun 2014","1248","Evil Geniuses","Loss"
"748520139","29 Jun 2014","1248","Alliance","Win"
"748349410","29 Jun 2014","1248","Alliance","Win"
"746518386","28 Jun 2014","1248","mousesports","Win"
"746414006","28 Jun 2014","1248","mousesports","Loss"
"746307334","28 Jun 2014","1248","mousesports","Win"
"739229116","24 Jun 2014","1097","Newbee","Win"
"739132619","24 Jun 2014","1097","Newbee","Win"
"737500023","23 Jun 2014","1407","DK","Win"
"737378792","23 Jun 2014","1407","DK","Win"
"737294643","23 Jun 2014","1407","DK","Loss"
"737195653","23 Jun 2014","1407","DK","Win"
"732748511","21 Jun 2014","1284","Vici Gaming","Loss"
"732605939","21 Jun 2014","1284","Vici Gaming","Win"
"732564018","21 Jun 2014","1284","Vici Gaming","Loss"
"732423017","21 Jun 2014","1284","CDEC Gaming","Win"
"731308275","20 Jun 2014","1407","LGD-GAMING","Win"
"731119230","20 Jun 2014","1407","LGD-GAMING","Win"
"728669374","19 Jun 2014","1284","Newbee","Loss"
"728549399","19 Jun 2014","1284","Newbee","Win"
"728435092","19 Jun 2014","1284","Newbee","Loss"
"727045230","18 Jun 2014","1097","Vici Gaming","Win"
"726937836","18 Jun 2014","1097","Vici Gaming","Loss"
"726800461","18 Jun 2014","1097","Vici Gaming","Win"
"726573979","18 Jun 2014","1407","CIS-Game","Win"
"726507744","18 Jun 2014","1407","CIS-Game","Win"
"726287053","18 Jun 2014","1284","Hyper Glory Team","Win"
"726237293","18 Jun 2014","1284","Hyper Glory Team","Win"
"725070924","17 Jun 2014","1097","CIS-Game","Win"
"724971272","17 Jun 2014","1097","CIS-Game","Win"
"723460501","16 Jun 2014","1407","Scythe.SG-","Win"
"723348344","16 Jun 2014","1407","Scythe.SG-","Win"
"720946633","15 Jun 2014","1116","DK","Loss"
"719073057","14 Jun 2014","1116","Vici Gaming","Win"
"718739350","14 Jun 2014","1116","DK","Loss"
"713294584","11 Jun 2014","1097","ChokeGamingRELOADED","Win"
"695967799","02 Jun 2014","1014","DK","Win"
"695833255","02 Jun 2014","1014","DK","Win"
"695641990","02 Jun 2014","1014","DK","Loss"
"695399948","02 Jun 2014","1014","DK","Win"
"695267812","02 Jun 2014","1014","DK","Win"
"690649834","31 May 2014","1014","Newbee","Win"
"690526694","31 May 2014","1014","Newbee","Win"
"684966681","28 May 2014","1014","Cloud9 G2A","Win"
"684877172","28 May 2014","1014","Cloud9 G2A","Loss"
"684794165","28 May 2014","1014","Cloud9 G2A","Win"
"681482626","26 May 2014","1014","Alliance","Win"
"681358956","26 May 2014","1014","Dream time.","Loss"
"681050538","26 May 2014","1014","Titan","Win"
"678390922","24 May 2014","1418","DK","Loss"
"678236735","24 May 2014","1418","Vici Gaming","Loss"
"677850823","24 May 2014","1418","Newbee","Loss"
"677506209","24 May 2014","1418","DK","Loss"
"677382549","24 May 2014","1418","Vici Gaming","Win"
"677102616","24 May 2014","1418","CIS-Game","Win"
"676986673","24 May 2014","1418","LGD-GAMING","Loss"
"666684627","18 May 2014","1014","LGD-GAMING","Win"
"666540885","18 May 2014","1014","LGD-GAMING","Loss"
"662935260","16 May 2014","1116","Vici Gaming","Win"
"660963056","15 May 2014","1116","Dream time.","Win"
"657697511","13 May 2014","1248","LGD-GAMING","Win"
"657606452","13 May 2014","1248","LGD-GAMING","Loss"
"657553632","13 May 2014","1248","LGD-GAMING","Win"
"657497739","13 May 2014","1248","LGD-GAMING","Win"
"650790076","09 May 2014","1014","Orange Esports Dota","Win"
"650689959","09 May 2014","1014","Orange Esports Dota","Loss"
"648667065","08 May 2014","1248","Vici Gaming","Win"
"648587425","08 May 2014","1248","Vici Gaming","Win"
"645702947","06 May 2014","1116","New Element","Win"
"645463595","06 May 2014","1157","Vici Gaming","Loss"
"645406646","06 May 2014","1157","Vici Gaming","Loss"
"645344566","06 May 2014","1157","Vici Gaming","Win"
"644355879","05 May 2014","1014","Hyper Glory Team","Win"
"644202985","05 May 2014","1014","Hyper Glory Team","Loss"
"640540200","03 May 2014","1014","Vici Gaming","Loss"
"640423018","03 May 2014","1014","Vici Gaming","Win"
"638813961","02 May 2014","1014","Dream time.","Loss"
"638716883","02 May 2014","1014","Dream time.","Win"
"638578634","02 May 2014","1014","DK","Loss"
"638461514","02 May 2014","1014","DK","Loss"
"637181136","01 May 2014","1157","Titan","Win"
"637080906","01 May 2014","1157","Titan","Win"
"631534412","28 Apr 2014","1157","Dream time.","Loss"
"631481896","28 Apr 2014","1157","Dream time.","Loss"
"626501332","25 Apr 2014","1014","Unknown Dire Team","Win"
"626420370","25 Apr 2014","1014","Unknown Radiant Team","Win"
"624998036","24 Apr 2014","1014","CIS-Game","Win"
"624937545","24 Apr 2014","1014","CIS-Game","Win"
"623227551","23 Apr 2014","1097","Vici Gaming","Loss"
"619090685","20 Apr 2014","232","Team Empire","Loss"
"618999521","20 Apr 2014","232","Team Empire","Loss"
"617582191","19 Apr 2014","232","Natus Vincere","Win"
"616302670","18 Apr 2014","232","DK","Loss"
"616186002","18 Apr 2014","232","DK","Loss"
"615876787","18 Apr 2014","232","Natus Vincere","Win"
"615707504","18 Apr 2014","232","Radical Online X-tremists","Win"
"615605028","18 Apr 2014","232","Evil Geniuses","Loss"
"614561530","17 Apr 2014","232","Natus Vincere","Loss"
"614189347","17 Apr 2014","232","Radical Online X-tremists","Win"
"608560121","13 Apr 2014","1014","Newbee","Loss"
"608407483","13 Apr 2014","1014","Newbee","Win"
"608277530","13 Apr 2014","1014","Orenda.US","Win"
"608188333","13 Apr 2014","1014","Orenda.US","Win"
"597852922","06 Apr 2014","1014","Titan","Loss"
"597675608","06 Apr 2014","1014","Titan","Loss"
"583505883","28 Mar 2014","177","LGD-GAMING","Win"
"583356629","28 Mar 2014","177","LGD-GAMING","Loss"
"583274274","28 Mar 2014","177","LGD-GAMING","Win"
"583176652","28 Mar 2014","177","LGD-GAMING","Win"
"577471826","24 Mar 2014","177","Vici Gaming","Win"
"577345180","24 Mar 2014","177","Vici Gaming","Win"
"572161224","21 Mar 2014","177","Newbee","Win"
"572064941","21 Mar 2014","177","Newbee","Loss"
"571995168","21 Mar 2014","177","Newbee","Win"
"570261841","20 Mar 2014","232","Newbee","Win"
"570199410","20 Mar 2014","232","Newbee","Loss"
"570125532","20 Mar 2014","232","Newbee","Win"
"569053217","19 Mar 2014","232","DK","Loss"
"568976222","19 Mar 2014","232","DK","Loss"
"567459474","18 Mar 2014","232","LGD-GAMING","Win"
"567409568","18 Mar 2014","232","LGD-GAMING","Win"
"561710943","14 Mar 2014","232","TongFu.WanZhou","Win"
"561600207","14 Mar 2014","232","CIS-Game","Win"
"560238820","13 Mar 2014","232","DK","Win"
"559109176","12 Mar 2014","232","LGD-GAMING","Win"
"557962785","11 Mar 2014","232","Newbee","Win"
"556368295","10 Mar 2014","232","Vici Gaming","Win"
"554966204","09 Mar 2014","232","Dream time.","Win"
"552354777","07 Mar 2014","177","Vici Gaming","Loss"
"552251581","07 Mar 2014","177","Vici Gaming","Win"
"552136931","07 Mar 2014","177","Vici Gaming","Loss"
"549082504","05 Mar 2014","189","Dream time.","Loss"
"547954789","04 Mar 2014","189","DK","Loss"
"547852895","04 Mar 2014","189","DK","Loss"
"547797705","04 Mar 2014","189","DK","Win"
"546916710","03 Mar 2014","177","Scythe.SG-","Win"
"546831009","03 Mar 2014","177","Scythe.SG-","Win"
"545217665","02 Mar 2014","189","Chui Niu Bi","Win"
"545148148","02 Mar 2014","189","Chui Niu Bi","Win"
"475044780","19 Jan 2014","114","DK","Loss"
"474948455","19 Jan 2014","114","DK","Loss"
"474881551","19 Jan 2014","114","DK","Loss"
"458900527","07 Jan 2014","52","DK","Win"
"458802066","07 Jan 2014","52","DK","Win"
"457448371","06 Jan 2014","52","Unknown Radiant Team","Win"
"457348107","06 Jan 2014","52","Unknown Dire Team","Win"
"454610647","04 Jan 2014","52","Titan","Win"
"454523152","04 Jan 2014","52","Titan","Win"
"454287166","04 Jan 2014","52","Unknown Dire Team","Loss"
"454182614","04 Jan 2014","52","Unknown Radiant Team","Win"
"453995551","04 Jan 2014","52","DK","Win"
"453913976","04 Jan 2014","52","DK","Loss"
"449686771","01 Jan 2014","81","DK","Loss"
"449524889","01 Jan 2014","81","DK","Loss"
"449474436","01 Jan 2014","81","DK","Loss"
"449409135","01 Jan 2014","81","DK","Loss"
"449226307","01 Jan 2014","81","DK","Win"
"449186761","01 Jan 2014","81","DK","Win"
"449144216","01 Jan 2014","81","DK","Win"
"447925015","31 Dec 2013","81","LGD-GAMING","Win"
"447847753","31 Dec 2013","81","LGD-GAMING","Win"
"447798317","31 Dec 2013","81","LGD-GAMING","Loss"
"447762824","31 Dec 2013","81","LGD-GAMING","Loss"
"447721481","31 Dec 2013","81","LGD-GAMING","Win"
"443324377","28 Dec 2013","91","LGD-GAMING","Win"
"443289209","28 Dec 2013","91","LGD-GAMING","Win"
"443220699","28 Dec 2013","91","Unknown Dire Team","Loss"
"443171680","28 Dec 2013","91","Unknown Radiant Team","Win"
"443108867","28 Dec 2013","91","Unknown Dire Team","Loss"
"442161002","27 Dec 2013","91","Titan","Win"
"442060840","27 Dec 2013","91","Titan","Win"
"438024655","24 Dec 2013","91","Na{TUS","Win"
"437990334","24 Dec 2013","91","Na{TUS","Win"
"430308470","19 Dec 2013","114","LGD-GAMING","Win"
"430262406","19 Dec 2013","114","LGD-GAMING","Win"
"424159678","15 Dec 2013","114","Unknown Radiant Team","Win"
"424039225","15 Dec 2013","114","Unknown Dire Team","Loss"
"423960929","15 Dec 2013","114","Unknown Radiant Team","Win"
"419945111","13 Dec 2013","114","Dream time.","Win"
"419857460","13 Dec 2013","114","Dream time.","Win"
"415528218","09 Dec 2013","114","LGD-GAMING","Win"
"415481366","09 Dec 2013","114","LGD-GAMING","Win"
"410069763","05 Dec 2013","104","Vici Gaming","Loss"
"410028101","05 Dec 2013","104","Vici Gaming","Loss"
"410005699","05 Dec 2013","104","Vici Gaming","Win"
"409975599","05 Dec 2013","104","Vici Gaming","Loss"
"408459204","03 Dec 2013","120","LGD-GAMING","Loss"
"408390593","03 Dec 2013","120","LGD-GAMING","Loss"
"407346846","02 Dec 2013","120","DK","Win"
"407193757","02 Dec 2013","120","LGD-GAMING.int","Win"
"404807944","30 Nov 2013","120","LGD-GAMING","Loss"
"404744189","30 Nov 2013","120","LGD-GAMING","Win"
"404686396","30 Nov 2013","120","LGD-GAMING","Loss"
"402461403","28 Nov 2013","120","LGD-GAMING.int","Win"
"402418079","28 Nov 2013","120","LGD-GAMING.int","Win"
"393760723","21 Nov 2013","81","**singStars.Gaming","Loss"
"393694218","21 Nov 2013","81","**singStars.Gaming","Win"
"386351133","16 Nov 2013","81","LGD-GAMING","Win"
"386248023","16 Nov 2013","81","LGD-GAMING","Win"
"383093202","14 Nov 2013","81","Unknown Radiant Team","Loss"
"383023422","14 Nov 2013","81","Unknown Dire Team","Win"
"379423163","11 Nov 2013","104","Vici Gaming","Win"
"379401104","11 Nov 2013","104","Vici Gaming","Win"
"378336651","10 Nov 2013","81","Hyper Glory Team","Win"
"378274824","10 Nov 2013","81","Hyper Glory Team","Win"
"378002073","10 Nov 2013","65008","LGD-GAMING","Loss"
"377980125","10 Nov 2013","65008","LGD-GAMING","Loss"
"376590570","09 Nov 2013","65008","Vici Gaming","Win"
"376556458","09 Nov 2013","65008","Vici Gaming","Win"
"376528582","09 Nov 2013","65008","Vici Gaming","Loss"
"375723716","08 Nov 2013","65008","GoatishSoul","Win"
"375427562","08 Nov 2013","65008","**singStars.Gaming","Win"
"374517806","07 Nov 2013","81","RaTtLeSnAkE. CN GaMiNg","Win"
"374465451","07 Nov 2013","81","RaTtLeSnAkE. CN GaMiNg","Win"
"371777325","05 Nov 2013","104","LGD-GAMING.int","Win"
"371751141","05 Nov 2013","104","LGD-GAMING.int","Loss"
"371732023","05 Nov 2013","104","LGD-GAMING.int","Win"
"366978333","01 Nov 2013","81","DK","Loss"
"366875797","01 Nov 2013","81","DK","Loss"
"365708297","31 Oct 2013","81","Vici Gaming","Loss"
"365658566","31 Oct 2013","81","Vici Gaming","Loss"
"362987169","29 Oct 2013","104","Unknown Radiant Team","Win"
"362964090","29 Oct 2013","104","Unknown Dire Team","Loss"
"362939872","29 Oct 2013","104","Unknown Radiant Team","Win"
"361770044","28 Oct 2013","104","**singStars.Gaming","Win"
"361747819","28 Oct 2013","104","**singStars.Gaming","Win"
"359522435","26 Oct 2013","81","LGD-GAMING.int","Loss"
"359443090","26 Oct 2013","81","LGD-GAMING.int","Loss"
"357987271","25 Oct 2013","81","TongFu.WanZhou","Win"
"357940001","25 Oct 2013","81","TongFu.WanZhou","Win"
"354240105","22 Oct 2013","104","DK","Win"
"354209916","22 Oct 2013","104","DK","Win"
"353096720","21 Oct 2013","104","RaTtLeSnAkE. CN GaMiNg","Win"
"353078925","21 Oct 2013","104","RaTtLeSnAkE. CN GaMiNg","Win"
"352285297","20 Oct 2013","81","**singStars.Gaming","Win"
"352197688","20 Oct 2013","81","**singStars.Gaming","Win"
"348204084","17 Oct 2013","81","LGD-GAMING","Win"
"348136127","17 Oct 2013","81","LGD-GAMING","Win"
"346768921","16 Oct 2013","104","LGD-GAMING","Loss"
"346738898","16 Oct 2013","104","LGD-GAMING","Loss"
"346717619","16 Oct 2013","104","LGD-GAMING","Win"
"342192147","12 Oct 2013","81","Unknown Radiant Team","Win"
"342116675","12 Oct 2013","81","Unknown Dire Team","Win"
"339599876","10 Oct 2013","81","Hyper Glory Team","Win"
"339564526","10 Oct 2013","81","Hyper Glory Team","Win"
"335196986","06 Oct 2013","81","RaTtLeSnAkE. CN GaMiNg","Win"
"335130138","06 Oct 2013","81","RaTtLeSnAkE. CN GaMiNg","Win"
"330208592","02 Oct 2013","81","DK","Loss"
"330165064","02 Oct 2013","81","DK","Loss"
"324221294","27 Sep 2013","81","Vici Gaming","Win"
"324144208","27 Sep 2013","81","Vici Gaming","Win"
"322996758","26 Sep 2013","81","LGD-GAMING.int","Win"
"322955164","26 Sep 2013","81","LGD-GAMING.int","Win"
"312106727","16 Sep 2013","76","Unknown Dire Team","Win"
"312057525","16 Sep 2013","76","Unknown Dire Team","Win"
"312003818","16 Sep 2013","76","Unknown Radiant Team","Win"
"310931512","15 Sep 2013","76","LGD-GAMING","Win"
"310877880","15 Sep 2013","76","LGD-GAMING","Win"
"306273383","11 Sep 2013","76","Vici Gaming","Win"
"306225300","11 Sep 2013","76","Vici Gaming","Win"
"306197114","11 Sep 2013","76","Vici Gaming","Loss"
"304043290","09 Sep 2013","76","OguraYui","Win"
"303992908","09 Sep 2013","76","OguraYui","Win"
"269879845","11 Aug 2013","65006","Unknown Dire Team","Loss"
"269828278","10 Aug 2013","65006","Unknown Dire Team","Loss"
"269004111","10 Aug 2013","65006","Unknown Dire Team","Win"
"268920193","10 Aug 2013","65006","Team Liquid","Win"
"267921517","09 Aug 2013","65006","Zenith","Win"
"267795420","09 Aug 2013","65006","DK","Loss"
"267750277","09 Aug 2013","65006","DK","Win"
"267725202","09 Aug 2013","65006","DK","Loss"
"264459306","05 Aug 2013","65006","Team Liquid","Win"
"264422834","05 Aug 2013","65006","Team Liquid","Win"
"263673866","05 Aug 2013","65006","Unknown Radiant Team","Loss"
"263648410","05 Aug 2013","65006","Unknown Radiant Team","Loss"
"263593584","05 Aug 2013","65006","Orange.Neolution Esports","Win"
"263559744","05 Aug 2013","65006","Orange.Neolution Esports","Loss"
"263429901","04 Aug 2013","65006","Virtus.pro","Win"
"263385734","04 Aug 2013","65006","Virtus.pro","Win"
"262632760","04 Aug 2013","65006","LGD-GAMING.int","Loss"
"262613112","04 Aug 2013","65006","LGD-GAMING.int","Win"
"262546824","04 Aug 2013","65006","Alliance","Loss"
"262520546","04 Aug 2013","65006","Alliance","Loss"
"262427613","03 Aug 2013","65006","RaTtLeSnAkE. CN GaMiNg","Win"
"262374910","03 Aug 2013","65006","RaTtLeSnAkE. CN GaMiNg","Win"
"241655796","13 Jul 2013","52","**singStars.Gaming","Loss"
"241640802","13 Jul 2013","52","**singStars.Gaming","Loss"
"240967481","12 Jul 2013","52","LGD-GAMING","Win"
"240224923","11 Jul 2013","52","Vici Gaming","Loss"
"240105390","11 Jul 2013","52","DOTA2 positive energy","Win"
"239282165","10 Jul 2013","52","Orange.Neolution Esports","Win"
"239221144","10 Jul 2013","52","Esports-Muxi.CN","Win"
"238002495","08 Jul 2013","54","Natus Vincere","Loss"
"237961164","08 Jul 2013","54","Natus Vincere","Win"
"237899050","08 Jul 2013","54","Natus Vincere","Loss"
"237856842","08 Jul 2013","54","Natus Vincere","Loss"
"237005815","07 Jul 2013","54","DK","Win"
"236961566","07 Jul 2013","54","DK","Win"
"235405620","05 Jul 2013","54","Orange.Neolution Esports","Win"
"235360426","05 Jul 2013","54","Orange.Neolution Esports","Win"
"234046554","03 Jul 2013","54","Natus Vincere","Loss"
"234007894","03 Jul 2013","54","Natus Vincere","Loss"
"228643427","26 Jun 2013","54","Natus Vincere","Win"
"228601948","26 Jun 2013","54","Natus Vincere","Win"
"228394832","26 Jun 2013","54","Unknown Dire Team","Win"
"228353894","26 Jun 2013","54","Unknown Radiant Team","Loss"
"227797195","25 Jun 2013","54","Orange.Neolution Esports","Loss"
"227736704","25 Jun 2013","54","Orange.Neolution Esports","Win"
"227135219","24 Jun 2013","54","Zenith","Win"
"227088330","24 Jun 2013","54","Zenith","Win"
"223953790","20 Jun 2013","42","LGD-GAMING.int","Loss"
"223909356","20 Jun 2013","42","LGD-GAMING.int","Win"
"223862490","20 Jun 2013","42","LGD-GAMING.int","Loss"
"207993432","31 May 2013","42","LGD-GAMING","Loss"
"207951685","31 May 2013","42","LGD-GAMING","Loss"
"207213857","30 May 2013","42","Unknown Dire Team","Win"
"207165227","30 May 2013","42","For Love.","Win"
"203235414","25 May 2013","34","Curse of Fallen Angel","Loss"
"203136612","25 May 2013","34","Team Liquid","Loss"
"202997371","25 May 2013","34","DK","Win"
"202444520","24 May 2013","34","Orange.Neolution Esports","Loss"
"202314010","24 May 2013","34","LGD-GAMING","Loss"
"200821325","22 May 2013","42","Unknown Radiant Team","Loss"
"200797630","22 May 2013","42","Unknown Dire Team","Loss"
"197787672","18 May 2013","42","ViCi Gaming__","Win"
"197761255","18 May 2013","42","ViCi Gaming__","Win"
"167830839","07 Apr 2013","34","Zenith","Win"
"167777749","07 Apr 2013","34","Zenith","Loss"
"167715798","07 Apr 2013","34","Zenith","Win"
"164683895","03 Apr 2013","34","DK","Win"
"164643287","03 Apr 2013","34","DK","Win"
"159822718","28 Mar 2013","34","The Chains Stack","Win"
"159782540","28 Mar 2013","34","The Chains Stack","Win"
"145016049","09 Mar 2013","24","LGD-GAMING.int","Win"
"144979366","09 Mar 2013","24","LGD-GAMING.int","Loss"
"144937202","09 Mar 2013","24","LGD-GAMING.int","Win"
"144899798","09 Mar 2013","24","LGD-GAMING.int","Win"
"94522449","07 Jan 2013","24","LGD-GAMING","Loss"
"93883969","06 Jan 2013","24","LGD-GAMING","Win"
"93846452","06 Jan 2013","24","LGD-GAMING","Win"
"90986841","02 Jan 2013","24","e-Club[MUFC]","Win"
"90492748","01 Jan 2013","24","Unknown Radiant Team","Win"
"90462564","01 Jan 2013","24","Unknown Dire Team","Loss"
"89239152","30 Dec 2012","24","ViCi Gaming__","Win"
"89198999","30 Dec 2012","24","ViCi Gaming__","Win"
"64597946","18 Nov 2012","17","Orange Esports","Loss"
"64578420","18 Nov 2012","17","Orange Esports","Win"
"64559299","18 Nov 2012","17","Orange Esports","Loss"
"64023632","17 Nov 2012","17","LGD-GAMING","Loss"
"64004353","17 Nov 2012","17","LGD-GAMING","Win"
"57417808","03 Nov 2012","17","Orange E-Sports","Loss"
"57376302","03 Nov 2012","17","Orange E-Sports","Loss"
"56401485","01 Nov 2012","17","Evil Geniuses","Win"
"56380076","01 Nov 2012","17","Evil Geniuses","Loss"
"55451429","30 Oct 2012","17","TeamFavi","Win"
"55439533","30 Oct 2012","17","TeamFavi","Win"
"52757519","24 Oct 2012","17","LGD-GAMING","Win"
"52747456","24 Oct 2012","17","LGD-GAMING","Loss"
"52105451","22 Oct 2012","17","e-Club[MUFC]","Win"
"52086721","22 Oct 2012","17","e-Club[MUFC]","Win"
"37633163","03 Sep 2012","65001","Natus Vincere","Win"
"37629117","03 Sep 2012","65001","Natus Vincere","Win"
"37626434","03 Sep 2012","65001","Natus Vincere","Loss"
"37623177","03 Sep 2012","65001","Natus Vincere","Win"
"37613366","03 Sep 2012","65001","LGD-GAMING","Win"
"37606953","03 Sep 2012","65001","LGD-GAMING","Loss"
"37597562","03 Sep 2012","65001","LGD-GAMING","Win"
"37568996","02 Sep 2012","65001","DK","Win"
"37557723","02 Sep 2012","65001","DK","Win"
"37546519","02 Sep 2012","65001","DK","Loss"
"37376485","02 Sep 2012","65001","EHOME","Win"
"37353672","02 Sep 2012","65001","Natus Vincere","Loss"
"37350093","02 Sep 2012","65001","Natus Vincere","Loss"
"37347063","02 Sep 2012","65001","Natus Vincere","Win"
"37095808","01 Sep 2012","65001","Evil Geniuses","Win"
"37091652","01 Sep 2012","65001","Evil Geniuses","Loss"
"37086655","01 Sep 2012","65001","Evil Geniuses","Win"
"36280903","28 Aug 2012","65001","mTw","Win"
"36274157","28 Aug 2012","65001","mTw","Win"
"36107873","28 Aug 2012","65001","Unknown Radiant Team","Win"
"36104288","28 Aug 2012","65001","Unknown Dire Team","Win"
"36088259","28 Aug 2012","65001","Orange E-Sports","Win"
"36081873","27 Aug 2012","65001","Orange E-Sports","Win"
"36054734","27 Aug 2012","65001","Darer","Win"
"36043767","27 Aug 2012","65001","Darer","Win"
"35895873","27 Aug 2012","65001","compLexity Gaming","Win"
"35891306","27 Aug 2012","65001","compLexity Gaming","Win"
"35881003","27 Aug 2012","65001","EHOME","Loss"
"35871837","27 Aug 2012","65001","EHOME","Win"
"35840842","26 Aug 2012","65001","Natus Vincere","Win"
"35833802","26 Aug 2012","65001","Natus Vincere","Win"
"34587133","21 Aug 2012","7","Counter Logic Gaming","Loss"
"34580424","21 Aug 2012","7","Counter Logic Gaming","Loss"
"34571404","21 Aug 2012","7","Counter Logic Gaming","Win"
"32883220","14 Aug 2012","7","EHOME","Loss"
"32861088","14 Aug 2012","7","EHOME","Loss"
"32851911","14 Aug 2012","7","EHOME","Win"
"31913870","10 Aug 2012","7","LGD-GAMING","Win"
"31906165","10 Aug 2012","7","LGD-GAMING","Loss"
"31875909","10 Aug 2012","7","LGD-GAMING","Loss"
"30503626","04 Aug 2012","8","Infused","Loss"
"30493059","04 Aug 2012","8","Orange E-Sports","Win"
"29834366","01 Aug 2012","8","Potm Bottom","Loss"
"29820094","01 Aug 2012","8","Potm Bottom","Loss"
"29809183","01 Aug 2012","8","Potm Bottom","Win"
"29146515","29 Jul 2012","5","LGD-GAMING","Loss"
"29138146","29 Jul 2012","5","LGD-GAMING","Win"
"29128284","29 Jul 2012","5","LGD-GAMING","Loss"
"28720360","27 Jul 2012","5","Unknown Dire Team","Loss"
"28711577","27 Jul 2012","5","Unknown Radiant Team","Loss"
"28700020","27 Jul 2012","5","Unknown Dire Team","Loss"
"28288210","25 Jul 2012","7","eClub[MUFC]","Win"
"28279791","25 Jul 2012","7","eClub[MUFC]","Win"
"28267238","25 Jul 2012","7","DK","Loss"
"28255572","25 Jul 2012","7","DK","Win"
"28233202","25 Jul 2012","7","DK","Loss"
"27072889","19 Jul 2012","7","mousesports","Win"
"27062833","19 Jul 2012","7","mousesports","Win"
"27048665","19 Jul 2012","7","mousesports","Loss"
"24695741","07 Jul 2012","5","Absolute Legends","Loss"
"24687098","07 Jul 2012","5","Absolute Legends","Win"